marker,HSPE1,HSP90AA1,HSPD1,STOML2,CYCS,MRPL12,TIMM13,C1QBP,MRPS12,TOMM40,CYC1,CHCHD2,GCSH,MRPL57,GADD45GIP1
ZEB1,0.01626066336346379,0.014819573199088092,0.013795247751063226,0.0007133145544087686,0.002397006133805475,0.01173056884932356,0.009016408679311139,0.01219783244354636,0.009203691678857928,0.009115202026255992,0.010428410691822562,0.010121989153054492,0.007814537093346749,0.01168542408979738,0.009380572318266814
SNAI1,0.007169933270714896,0.0047651725873460405,0.011592906185723735,0.0033317931939191637,-0.0018364417314104078,0.005643744951724444,0.0022540308808839207,0.009358241215179227,0.00021167190921036157,0.007339061056419301,0.004342538310243466,0.0012646600328550402,0.004872782548959552,0.0031506948058543766,-0.0016541823980511328
SNAI2,0.11232854977168863,0.07864055511057455,0.18137117029725924,0.050652251124853796,0.03353350134644659,0.08510184871886829,0.07999956161164878,0.13212310197470764,0.050969836923076585,0.06838663029779116,0.08990481984711328,0.04710954624439335,0.08120137978770449,0.08604509078239145,0.024520427915976847
TWIST1,-0.006161608431374311,-0.00642821856087456,-0.008035916312954309,-0.00651843240157098,-0.002862807554999481,-0.005633667732911441,-0.01055878372215619,-0.010436802088937385,-0.007662613391323379,-0.01095520891666017,-0.00780760683579242,-0.004735129037316376,-0.0020174137333863833,-0.0051676624660026435,-0.006437189916979736
SERPINE1,0.3562197969979376,0.22976153535461305,0.4595044646363997,0.2770312225345963,0.18719573966861136,0.28783877448423295,0.2833604428200232,0.3727572715075124,0.1784989123580611,0.19962845401864507,0.2665473806651591,0.1856332710784415,0.2496732163697737,0.23822827831823387,0.18316097304795026
LOXL2,0.01357318166700982,0.020563675542683714,0.012419751714834584,0.0052855560198394064,0.01149270302924624,0.01103701582568122,0.0048102549547951465,0.019250520706648188,0.005491326972802611,0.003735379559194781,0.007962364069832684,0.009591638507726643,0.007138440639059089,0.001767187265430528,0.01583953651511806
LAMC2,0.3711018365385279,0.3043328801224193,0.5386729096474582,0.28955083552225186,0.199006365669861,0.3083913871667551,0.33664411582300624,0.43376938099508494,0.21703151942868001,0.21718248401259732,0.3467174658151387,0.23638052371937296,0.2629311405048136,0.2679473545399568,0.18485502708209328
TGFBI,0.4731342000985551,0.4225946284425941,0.6096337544854616,0.3979998292251233,0.31588244701133705,0.45242154276103996,0.4424301593163345,0.5356517621963464,0.3607476199512884,0.37232567284818796,0.4231719641873886,0.28795622745538957,0.3664073600561882,0.42906622557946755,0.23955423759953579
COL1A1,0.04428423469596668,0.03872374647829167,0.0771158707240813,0.03385608288771416,0.0249502978937841,0.03884414332657649,0.037226984393148525,0.06918929004134082,0.03024808057449641,0.025834213051064942,0.03745784078156121,0.015644998582817614,0.03412010648952849,0.030187176238083698,0.010960917068461909
ITGAV,0.2245347591767745,0.19817174372296367,0.23939182448035257,0.15985045156205197,0.12256056242722597,0.1524138547888571,0.1746795735271743,0.16576441078014487,0.13558144529066404,0.12820802084321878,0.12641214524338668,0.11896732187595246,0.14900832821215848,0.13167726928106982,0.10255258678183071
MMP2,0.03775859046015759,0.03421714993904807,0.04663535916753346,0.025741847439306423,0.025612891423274546,0.04526337116454956,0.03285301460541612,0.04769783490763655,0.022169930329486182,0.030773715155697073,0.03802771419494839,0.029435509839121247,0.0412671950716244,0.0366739458669748,0.005358203284021349
MMP14,0.093943156222556,0.07976570239929724,0.1311155673906266,0.08588375100563943,0.05203820145090608,0.07067703565795844,0.07804641961558309,0.1070922967170615,0.0622119317115347,0.05028384457810489,0.08523938210734114,0.06168523518839784,0.08143631133053614,0.046400231457316456,0.05141472803670241
AXL,-0.02663704471726849,-0.04535309951558293,0.03536500818240947,-0.030729225302291083,-0.052832430461418244,-0.018735563786911463,-0.02430374116790457,0.034646270282516343,-0.03496933222345441,-0.05530808048017484,0.030523331448936316,-0.0029329575354136695,-0.014346888512516956,-0.03149170049204703,-0.010532534003554654
CD44,0.2144175493932672,0.1748953677875013,0.1307170393386118,0.15122161242587243,0.16168592338645213,0.11958825434203127,0.14608429489534067,0.11387395411317766,0.11551340953521272,0.12192699903333311,0.07457059609394924,0.11550447819295015,0.12568268734797317,0.09460313005504449,0.10761158538308428
CLDN4,0.021169815798540523,0.011982437185237118,0.010394893068719132,0.02106194580486723,0.014954121757549498,0.013316289946657251,0.015622826642819358,0.013817339626048801,0.0166497069218406,0.01306927295384944,0.002093313264266688,0.0007523219048573944,0.013065961195691816,0.010481496349784222,0.010974681404315631
CLDN7,-0.027137532226572596,-0.025732809079352038,-0.059471944867716335,-0.025014503390738532,-0.007909739141381765,-0.03441618060145156,-0.03048053572363199,-0.04904210852002879,-0.020186890264932505,-0.021167408192369362,-0.04706066786572282,-0.016503043212611927,-0.027043521352656873,-0.027472839509632054,-0.020511761204405083
KRT8,0.039107864686606965,-0.058458729356172114,-0.03391029884147162,-0.0019493992104717066,0.030069335146705563,0.01502334887825937,0.04912347359329337,0.0010484668747824434,0.04568845509193338,0.025814460962803,-0.03615401380759064,-0.040519250785631324,0.015432814162093824,0.049869859678544064,-0.023147629667551767
CD24,0.14860505362454862,0.14363363397743983,0.31819121966710556,0.13606562542599868,0.05049602321230127,0.15397546539476642,0.12839185306694548,0.2685246393536083,0.06265455002118737,0.09722873256593363,0.2425463822991194,0.11117090717059532,0.14272843834811758,0.14185178756040737,0.08258831930279363
TJP1,-0.023630003218832126,-0.0027566034412592577,0.049387024777796246,-0.02311730331165885,-0.04538012560118732,0.003105852783371967,0.0025323315154874558,0.04492809478942068,-0.02927180326192685,-0.02929494557182697,0.05220974965305549,0.00257579638124526,-0.017042006365133932,-0.014913276783543233,-0.006801291204834154
DSP,0.036014402069017785,0.06141868507572476,0.002477433809485478,0.04538795067381598,0.05534457021909196,0.03461479161693728,0.059063107372100354,0.029950425701141054,0.052113290870509386,0.05123170495676913,0.005841403259982598,0.009905373877160874,0.04189358820454753,0.03582914671793978,0.009174534012556008
GRHL2,-0.00809421510586707,-0.013583842086058819,-0.005294848236071212,-0.004155237736648759,-0.003567350077227361,-0.0067819489284347365,0.0006274878950589193,-0.014107488514360377,-0.002322737222199959,-0.00486455736593989,-0.013188035954799315,0.009304379710498195,0.004376630511398094,-0.013918548159415914,-0.003129745339213577
ESRP1,-0.0065012476184281515,0.0038285994989391836,-0.009915368767501724,0.007771458338815541,0.011186422992874747,0.0061437897235905375,-0.004901206595694342,-0.004655497430922217,-0.006025973154960786,0.00884376825103838,-0.010231054249409031,-0.007135207647031465,-4.072877596673315e-05,-0.002859603870596186,0.012747472104301109
